sha256,kept_relative_path,removed_relative_path,label_name
0f673459b5dba7f9dab9a6a32309e2c89ddf4bb9b799d3350f56c33e8cc8b2d3,data/raw/Training/meningioma/Tr-aug-me_89.jpg,data/raw/Training/meningioma/Tr-me_889.jpg,meningioma
e50960c499e99a17df350e4f261d140bb10d74d9a3d81d91c4878542e2b32538,data/raw/Training/meningioma/Tr-aug-me_90.jpg,data/raw/Training/meningioma/Tr-me_1242.jpg,meningioma
5c32bc4af148302670ffb8a5aa58fc239cea60fbbfc08ba34a65230a0de6f6f4,data/raw/Training/meningioma/Tr-aug-me_91.jpg,data/raw/Training/meningioma/Tr-me_245.jpg,meningioma
8f9c305ee1ad7c0f9e616d2f95e5536f5858b575e81d7a56e98b574bb8a20666,data/raw/Training/meningioma/Tr-aug-me_92.jpg,data/raw/Training/meningioma/Tr-me_268.jpg,meningioma
b8a72a6ed1229b7b33dc11c8641ebf15e55e9db20fd933e6372234013b8707b8,data/raw/Training/meningioma/Tr-aug-me_94.jpg,data/raw/Training/meningioma/Tr-me_824.jpg,meningioma
ef0e11d139ea444dbd4e266a8ccd3f79d22d82c5b16189481ec4047b605fb9c8,data/raw/Training/meningioma/Tr-aug-me_95.jpg,data/raw/Training/meningioma/Tr-me_1295.jpg,meningioma
089a7ad8107e9ef50fc7c35e7407b18fcda170be3707749807a059a5cb46b3a8,data/raw/Training/meningioma/Tr-aug-me_97.jpg,data/raw/Training/meningioma/Tr-me_532.jpg,meningioma
47659f0b7a3739148ba3a036ec2204283a0a233876b0a0458bf251bfae9c2da8,data/raw/Training/meningioma/Tr-aug-me_98.jpg,data/raw/Training/meningioma/Tr-me_1274.jpg,meningioma
451f339dbf4d33864e0dd8940f533bbeddda6492cf60bb15615342bd467cc721,data/raw/Training/meningioma/Tr-me_1094.jpg,data/raw/Training/meningioma/Tr-me_219.jpg,meningioma
09b9031e30e757eb6e648686f0ca412357e86895ebbc52d300d2d0a9305fd417,data/raw/Training/meningioma/Tr-me_1101.jpg,data/raw/Training/meningioma/Tr-me_836.jpg,meningioma
24f09f91af40e42f2798bbc29df353ce17e6a0c0b533fb923b2fa8f75df6b496,data/raw/Training/meningioma/Tr-me_339.jpg,data/raw/Training/meningioma/Tr-me_534.jpg,meningioma
24f09f91af40e42f2798bbc29df353ce17e6a0c0b533fb923b2fa8f75df6b496,data/raw/Training/meningioma/Tr-me_339.jpg,data/raw/Training/meningioma/Tr-me_86.jpg,meningioma
e2c7bc9c2d735e5b584b329f5cda1aec1f2415b2972c4aa8efc8d0a61e61b280,data/raw/Training/meningioma/Tr-me_432.jpg,data/raw/Training/meningioma/Tr-me_561.jpg,meningioma
4951f7ba2e002020c835b3f50136c3249f3ae004624b35a262e65dd431d70e56,data/raw/Training/meningioma/Tr-me_543.jpg,data/raw/Training/meningioma/Tr-me_726.jpg,meningioma
aa66d8e967787f1f68a537f5300e72131b53cc4706620d41e67f74b1eb53d931,data/raw/Training/notumor/Tr-no_1000.jpg,data/raw/Training/notumor/Tr-no_105.jpg,notumor
de08225737a2a8a8ddda2e0684baa925356b9c0fe77585f2992a0980398c2d07,data/raw/Training/notumor/Tr-no_1015.jpg,data/raw/Training/notumor/Tr-no_1339.jpg,notumor
9a1a7d12c935c0029511710dba377c2d37ecf4924ec19c1644b6116b48c33610,data/raw/Training/notumor/Tr-no_1016.jpg,data/raw/Training/notumor/Tr-no_819.jpg,notumor
14963471b7c2744df51c1da54f4e519cecc34aa12944f1968620da1d36d2c5c2,data/raw/Training/notumor/Tr-no_1021.jpg,data/raw/Training/notumor/Tr-no_503.jpg,notumor
5a66211168e2f92209f3aee80fe618a1555144bada16fdc2035d1780321c02cf,data/raw/Training/notumor/Tr-no_1023.jpg,data/raw/Training/notumor/Tr-no_400.jpg,notumor
dc811fda9f7bc3506f21d4094da84c5e3a81d3878b28967b830536fda342a33e,data/raw/Training/notumor/Tr-no_1039.jpg,data/raw/Training/notumor/Tr-no_1385.jpg,notumor
dc811fda9f7bc3506f21d4094da84c5e3a81d3878b28967b830536fda342a33e,data/raw/Training/notumor/Tr-no_1039.jpg,data/raw/Training/notumor/Tr-no_600.jpg,notumor
05ec18666c6b751b8845a93824ea25c9bb251606b71f76c0c3875d69e973f72d,data/raw/Training/notumor/Tr-no_1046.jpg,data/raw/Training/notumor/Tr-no_454.jpg,notumor
fd701e8cdd7a47b2b7198334e09d7947edf3d2efdd68b73b8d47282256f9f475,data/raw/Training/notumor/Tr-no_1051.jpg,data/raw/Training/notumor/Tr-no_1158.jpg,notumor
fd701e8cdd7a47b2b7198334e09d7947edf3d2efdd68b73b8d47282256f9f475,data/raw/Training/notumor/Tr-no_1051.jpg,data/raw/Training/notumor/Tr-no_330.jpg,notumor
a3d86920c0bc02e0c062091ab21078a4387ed519b881c89568ab969d3dc37d33,data/raw/Training/notumor/Tr-no_1061.jpg,data/raw/Training/notumor/Tr-no_1134.jpg,notumor
c1bf41ddb56396fd0e74b2eb7212c96a6a915ee86737c060c9db8e1439ff0390,data/raw/Training/notumor/Tr-no_1062.jpg,data/raw/Training/notumor/Tr-no_5.jpg,notumor
c1bf41ddb56396fd0e74b2eb7212c96a6a915ee86737c060c9db8e1439ff0390,data/raw/Training/notumor/Tr-no_1062.jpg,data/raw/Training/notumor/Tr-no_693.jpg,notumor
d22f76ae6780bc947ddeb36446b3bb97bfcc5ada33b8db69753949c9d214111a,data/raw/Training/notumor/Tr-no_1063.jpg,data/raw/Training/notumor/Tr-no_864.jpg,notumor
f3ce33b26a3784299fc2bc72215752b531bb1ff11e9b65dc39376039f8809f64,data/raw/Training/notumor/Tr-no_1070.jpg,data/raw/Training/notumor/Tr-no_412.jpg,notumor
2cd1096a6415c70403948e7aaac0694451619850a4ce545b4f9134b06401248b,data/raw/Training/notumor/Tr-no_1077.jpg,data/raw/Training/notumor/Tr-no_1400.jpg,notumor
43c7fb765b0d878dca03cd26cb414b56a2e3280ce2510f3a84dac11003bbd0a0,data/raw/Training/notumor/Tr-no_1079.jpg,data/raw/Training/notumor/Tr-no_129.jpg,notumor
43c7fb765b0d878dca03cd26cb414b56a2e3280ce2510f3a84dac11003bbd0a0,data/raw/Training/notumor/Tr-no_1079.jpg,data/raw/Training/notumor/Tr-no_62.jpg,notumor
ae511b11b26309a2e60432852cb26d6b019057fc2aab35867badf8af04daa3b6,data/raw/Training/notumor/Tr-no_1083.jpg,data/raw/Training/notumor/Tr-no_217.jpg,notumor
2ad6ffff97ce8cbfd5d4785955ea16a6ccf7090eb67a8015e47cd8902571b827,data/raw/Training/notumor/Tr-no_1085.jpg,data/raw/Training/notumor/Tr-no_692.jpg,notumor
2ad6ffff97ce8cbfd5d4785955ea16a6ccf7090eb67a8015e47cd8902571b827,data/raw/Training/notumor/Tr-no_1085.jpg,data/raw/Training/notumor/Tr-no_767.jpg,notumor
2ad6ffff97ce8cbfd5d4785955ea16a6ccf7090eb67a8015e47cd8902571b827,data/raw/Training/notumor/Tr-no_1085.jpg,data/raw/Training/notumor/Tr-no_98.jpg,notumor
72f5f6723c7b92f641fb5d44513b6111c348e43005f8c1f4829f28eebd1117b2,data/raw/Training/notumor/Tr-no_109.jpg,data/raw/Training/notumor/Tr-no_1183.jpg,notumor
72f5f6723c7b92f641fb5d44513b6111c348e43005f8c1f4829f28eebd1117b2,data/raw/Training/notumor/Tr-no_109.jpg,data/raw/Training/notumor/Tr-no_371.jpg,notumor
db13da94073aaa03960e97acb4ab41019e4be57c88c8b708e66791696f4bc4b9,data/raw/Training/notumor/Tr-no_1095.jpg,data/raw/Training/notumor/Tr-no_69.jpg,notumor
d56567916b5975d9f260f61a4cad99040696bd105293112af3d703c4bec42feb,data/raw/Training/notumor/Tr-no_1105.jpg,data/raw/Training/notumor/Tr-no_569.jpg,notumor
537e7ad0a496f23042626741b362e936fc711da2aa25d4c5ce628d03bf4109cb,data/raw/Training/notumor/Tr-no_1109.jpg,data/raw/Training/notumor/Tr-no_1380.jpg,notumor
2ed15a662d8dcdf6077f3bf8bb4d21722e2a3b90ff2cf194db18b75933a4d322,data/raw/Training/notumor/Tr-no_112.jpg,data/raw/Training/notumor/Tr-no_1178.jpg,notumor
2ed15a662d8dcdf6077f3bf8bb4d21722e2a3b90ff2cf194db18b75933a4d322,data/raw/Training/notumor/Tr-no_112.jpg,data/raw/Training/notumor/Tr-no_1265.jpg,notumor
2ed15a662d8dcdf6077f3bf8bb4d21722e2a3b90ff2cf194db18b75933a4d322,data/raw/Training/notumor/Tr-no_112.jpg,data/raw/Training/notumor/Tr-no_308.jpg,notumor
2ed15a662d8dcdf6077f3bf8bb4d21722e2a3b90ff2cf194db18b75933a4d322,data/raw/Training/notumor/Tr-no_112.jpg,data/raw/Training/notumor/Tr-no_494.jpg,notumor
3a34904d65c8cc7579373460050623901047e49eec67a5d635390374c5b48634,data/raw/Training/notumor/Tr-no_1126.jpg,data/raw/Training/notumor/Tr-no_564.jpg,notumor
ca5a51914cad005d72af57fa6c9142fc9d650ca06ba23f3e839991c3fa4c8b36,data/raw/Training/notumor/Tr-no_1140.jpg,data/raw/Training/notumor/Tr-no_749.jpg,notumor
ca5a51914cad005d72af57fa6c9142fc9d650ca06ba23f3e839991c3fa4c8b36,data/raw/Training/notumor/Tr-no_1140.jpg,data/raw/Training/notumor/Tr-no_931.jpg,notumor
e9a63334af63a2ec8cab2149ec091466c60df5fe115cf36cc30c9304dacbb376,data/raw/Training/notumor/Tr-no_1145.jpg,data/raw/Training/notumor/Tr-no_1234.jpg,notumor
e9a63334af63a2ec8cab2149ec091466c60df5fe115cf36cc30c9304dacbb376,data/raw/Training/notumor/Tr-no_1145.jpg,data/raw/Training/notumor/Tr-no_430.jpg,notumor
73a882655ceb0a5b8d3f4beea54d9ab58aa36e1021e7807dbb1c72617d4dfecc,data/raw/Training/notumor/Tr-no_115.jpg,data/raw/Training/notumor/Tr-no_1188.jpg,notumor
25dbc9664f03a7af82b74aec6c5497cd94dc5f6f639907656725d0ac88cfd111,data/raw/Training/notumor/Tr-no_1154.jpg,data/raw/Training/notumor/Tr-no_1235.jpg,notumor
25dbc9664f03a7af82b74aec6c5497cd94dc5f6f639907656725d0ac88cfd111,data/raw/Training/notumor/Tr-no_1154.jpg,data/raw/Training/notumor/Tr-no_1360.jpg,notumor
25dbc9664f03a7af82b74aec6c5497cd94dc5f6f639907656725d0ac88cfd111,data/raw/Training/notumor/Tr-no_1154.jpg,data/raw/Training/notumor/Tr-no_854.jpg,notumor
cc336bb30a64c66a0897e048331ca9818b553b8d0c313ed4980971c5b8ea1b46,data/raw/Training/notumor/Tr-no_116.jpg,data/raw/Training/notumor/Tr-no_121.jpg,notumor
7a7fcfb55378e4367cb3f163dc510df7e4b5f95d8fee5e4407b6ef397d56e243,data/raw/Training/notumor/Tr-no_1179.jpg,data/raw/Training/notumor/Tr-no_1320.jpg,notumor
88aba8f5a882187bc3df678f2b3a88c6c59cec1c01fb732e5671a5ffb6a494d7,data/raw/Training/notumor/Tr-no_1187.jpg,data/raw/Training/notumor/Tr-no_420.jpg,notumor
fe20d08e5475898e9b66661cddbe32d6d006438e57c36cd87be27b8dd9c0676d,data/raw/Training/notumor/Tr-no_1190.jpg,data/raw/Training/notumor/Tr-no_44.jpg,notumor
840e12a9d0fc509d61fab11db74d1716234312bd96939b632e19b8f102ace3cf,data/raw/Training/notumor/Tr-no_1203.jpg,data/raw/Training/notumor/Tr-no_154.jpg,notumor
840e12a9d0fc509d61fab11db74d1716234312bd96939b632e19b8f102ace3cf,data/raw/Training/notumor/Tr-no_1203.jpg,data/raw/Training/notumor/Tr-no_725.jpg,notumor
7d5fb3078f6ed56884ebf8c14928f4e8e05ffd2065cf1b5f4b23cd6dfa3f49ef,data/raw/Training/notumor/Tr-no_1208.jpg,data/raw/Training/notumor/Tr-no_410.jpg,notumor
49db0659a53802695ac4af817cff544f8034e7c9883a6751e0e321c86337f86a,data/raw/Training/notumor/Tr-no_1240.jpg,data/raw/Training/notumor/Tr-no_990.jpg,notumor
17bd1588f84aafbccb846c974ae1f24cef5ce6f0fc0f32a4417af50bfe9f52cd,data/raw/Training/notumor/Tr-no_1244.jpg,data/raw/Training/notumor/Tr-no_1392.jpg,notumor
17bd1588f84aafbccb846c974ae1f24cef5ce6f0fc0f32a4417af50bfe9f52cd,data/raw/Training/notumor/Tr-no_1244.jpg,data/raw/Training/notumor/Tr-no_781.jpg,notumor
b396caa83da170f384de32368fd40ab0fbb00232e12fd2b463eddff69741af44,data/raw/Training/notumor/Tr-no_1245.jpg,data/raw/Training/notumor/Tr-no_133.jpg,notumor
1e1a27e88f2812b4b950fca09bf5f4b8fe20514826756ac69b37b43c0c73214b,data/raw/Training/notumor/Tr-no_1267.jpg,data/raw/Training/notumor/Tr-no_380.jpg,notumor
1e1a27e88f2812b4b950fca09bf5f4b8fe20514826756ac69b37b43c0c73214b,data/raw/Training/notumor/Tr-no_1267.jpg,data/raw/Training/notumor/Tr-no_387.jpg,notumor
1760da4ac516c8564bf06bc349176a1463dbb49f4de7b6d0b986ff015b96bd62,data/raw/Training/notumor/Tr-no_1281.jpg,data/raw/Training/notumor/Tr-no_550.jpg,notumor
2779f5d9e97ff8a2283e34ab88a7e6de22c561367944758e2796f427fd2dddd9,data/raw/Training/notumor/Tr-no_1288.jpg,data/raw/Training/notumor/Tr-no_831.jpg,notumor
2779f5d9e97ff8a2283e34ab88a7e6de22c561367944758e2796f427fd2dddd9,data/raw/Training/notumor/Tr-no_1288.jpg,data/raw/Training/notumor/Tr-no_863.jpg,notumor
84acb850a9c5348cd00623122246c83dffd727e007aedc1d484e39d06e784c6f,data/raw/Training/notumor/Tr-no_1289.jpg,data/raw/Training/notumor/Tr-no_156.jpg,notumor
ef5addab9afd41d9a24d73711092b35f1610683975b03f80bff9d48d144970ef,data/raw/Training/notumor/Tr-no_1290.jpg,data/raw/Training/notumor/Tr-no_281.jpg,notumor
ce8380b51fcf1dbb1347069191fbeabf20712e1b0673efc65c08c87c70b1a1af,data/raw/Training/notumor/Tr-no_1291.jpg,data/raw/Training/notumor/Tr-no_490.jpg,notumor
e22f980ae6f8f79a1fd96c0e2711d06767493d2d7c19d885fd89f6207702c3f3,data/raw/Training/notumor/Tr-no_1302.jpg,data/raw/Training/notumor/Tr-no_341.jpg,notumor
7c103b082c141631e8475390a8b06ef7ef0cfba10e61cf2d4ce9dd1e2b08dfb0,data/raw/Training/notumor/Tr-no_1309.jpg,data/raw/Training/notumor/Tr-no_699.jpg,notumor
b7c27d5f1a82137601cc7630779fe2aa120bd9cfd9ddf3a2607c86255de7c9f0,data/raw/Training/notumor/Tr-no_1316.jpg,data/raw/Training/notumor/Tr-no_475.jpg,notumor
c5482c04ad0af03abc08de261901fdaa6811a99ca11a270e8dc89c550e3ccdfa,data/raw/Training/notumor/Tr-no_1326.jpg,data/raw/Training/notumor/Tr-no_411.jpg,notumor
1180fefcd5ba2a8f43c541c3158c3d6b3edb8309eab8dc9c61f109d10d5b5050,data/raw/Training/notumor/Tr-no_1330.jpg,data/raw/Training/notumor/Tr-no_825.jpg,notumor
682871b3c7250e0c56b28688840ac15101ec847a891e0b2d2cb72f0436ff8073,data/raw/Training/notumor/Tr-no_1333.jpg,data/raw/Training/notumor/Tr-no_273.jpg,notumor
95ffabd6cfd94e094cd1af64396bfa75f578a012f52b23cbf8e5fa828ffa4863,data/raw/Training/notumor/Tr-no_1334.jpg,data/raw/Training/notumor/Tr-no_235.jpg,notumor
23794834130a37699051efa29c29b9af12ae94b6a65d3957d7f9ad667f9bdf0f,data/raw/Training/notumor/Tr-no_1336.jpg,data/raw/Training/notumor/Tr-no_165.jpg,notumor
6b73dc365fbc93ff66b40c68f2e5cd259e650193088389a5f1b968b8c537f4f4,data/raw/Training/notumor/Tr-no_134.jpg,data/raw/Training/notumor/Tr-no_255.jpg,notumor
fa0c1c4fb6eabf57c61ae1afd2f24efd5aa69d47a6df7d468579cdee91a86c8a,data/raw/Training/notumor/Tr-no_1346.jpg,data/raw/Training/notumor/Tr-no_889.jpg,notumor
f9ab73351fe5dd8b0cac9d28282c9faff3f83bb3aad1a4fb2769c6e94cb25eb4,data/raw/Training/notumor/Tr-no_1374.jpg,data/raw/Training/notumor/Tr-no_840.jpg,notumor
84b2155377f2b5ec87d3988642b885d5b6249e7907486184ac311e15a8a599a9,data/raw/Training/notumor/Tr-no_1379.jpg,data/raw/Training/notumor/Tr-no_810.jpg,notumor
24d874e516a3da5ce8ada80135a0a62c8474538f72f098ad9d3e7ff794595f35,data/raw/Training/notumor/Tr-no_138.jpg,data/raw/Training/notumor/Tr-no_1383.jpg,notumor
65171c43207bd38c794fd14bf5f513325e8a4fe207f71539009bfb4f78b347d8,data/raw/Training/notumor/Tr-no_1390.jpg,data/raw/Training/notumor/Tr-no_565.jpg,notumor
8a05324c1e59d079c88ad71e484739999eab506d3e7eb1bca857264329113b94,data/raw/Training/notumor/Tr-no_1393.jpg,data/raw/Training/notumor/Tr-no_642.jpg,notumor
bd5b12c433485230720aa33032e1f6bd089702090481d7e56dccfa43435d6950,data/raw/Training/notumor/Tr-no_1395.jpg,data/raw/Training/notumor/Tr-no_17.jpg,notumor
90b09a698e88ffae221f5f5c0c732e7a17e93387b4e91fc0be28b3aa3b91ba33,data/raw/Training/notumor/Tr-no_1397.jpg,data/raw/Training/notumor/Tr-no_660.jpg,notumor
6f3bdbdba45d1f985b33e51c93c318e0f04f2c3186dfae874050a99a11b1af02,data/raw/Training/notumor/Tr-no_1398.jpg,data/raw/Training/notumor/Tr-no_516.jpg,notumor
76d577713f1cf4414f780058f2079f7e6446aba86e89a86d7dd36401ca79a727,data/raw/Training/notumor/Tr-no_14.jpg,data/raw/Training/notumor/Tr-no_48.jpg,notumor
8c7a08207a2f8e5bf03ed590b3a482491a6abeb9b233a40604f3422065424112,data/raw/Training/notumor/Tr-no_168.jpg,data/raw/Training/notumor/Tr-no_230.jpg,notumor
8c7a08207a2f8e5bf03ed590b3a482491a6abeb9b233a40604f3422065424112,data/raw/Training/notumor/Tr-no_168.jpg,data/raw/Training/notumor/Tr-no_738.jpg,notumor
280d387f9ef5c5407c3a5618fc7e3a861fed385c6f4c2e11e1ee9b13a7faa102,data/raw/Training/notumor/Tr-no_194.jpg,data/raw/Training/notumor/Tr-no_219.jpg,notumor
20b0c7de1c131e75deff54e8f0c51eef6c48116cdcbf7bb1f47fc7e4c7f07ab1,data/raw/Training/notumor/Tr-no_224.jpg,data/raw/Training/notumor/Tr-no_232.jpg,notumor
20b0c7de1c131e75deff54e8f0c51eef6c48116cdcbf7bb1f47fc7e4c7f07ab1,data/raw/Training/notumor/Tr-no_224.jpg,data/raw/Training/notumor/Tr-no_29.jpg,notumor
25c13de1f058a3b2d081828fab9a6589ac1feba9a0c3963e8033115e3b9bc2ee,data/raw/Training/notumor/Tr-no_250.jpg,data/raw/Training/notumor/Tr-no_472.jpg,notumor
64eee5cd2516c265ea888fc3d784e97daed289385a487567e66b2aabacf50555,data/raw/Training/notumor/Tr-no_280.jpg,data/raw/Training/notumor/Tr-no_448.jpg,notumor
2db2426323e2d116ddfd79ca17da4f0c3861a527eba11414ce1ffe403b5810bd,data/raw/Training/notumor/Tr-no_293.jpg,data/raw/Training/notumor/Tr-no_60.jpg,notumor
ee17905768c01705c6abcc330d664f063c5ceada4e3ea6722be796cc9bc9986f,data/raw/Training/notumor/Tr-no_304.jpg,data/raw/Training/notumor/Tr-no_916.jpg,notumor
e3ea07d69e4b3242a2bc56046a2c9547c6e15d8169d3bdad7d4f8f9baf2a2442,data/raw/Training/notumor/Tr-no_315.jpg,data/raw/Training/notumor/Tr-no_8.jpg,notumor
e3ea07d69e4b3242a2bc56046a2c9547c6e15d8169d3bdad7d4f8f9baf2a2442,data/raw/Training/notumor/Tr-no_315.jpg,data/raw/Training/notumor/Tr-no_935.jpg,notumor
3e66ecd9f2d07394ea13b8f2ce9212677a14aea1066e13a1445b00cbc59b998e,data/raw/Training/notumor/Tr-no_349.jpg,data/raw/Training/notumor/Tr-no_779.jpg,notumor
4c2c103442bacc20c289e01799a028f732816b392a316671549e21810560ac30,data/raw/Training/notumor/Tr-no_356.jpg,data/raw/Training/notumor/Tr-no_463.jpg,notumor
b7217d07fe4b60f472aaeee4b36e8429d4a1685bbb9fd13c1d471835326e801d,data/raw/Training/notumor/Tr-no_388.jpg,data/raw/Training/notumor/Tr-no_636.jpg,notumor
a8bf58f1fee6cc15adfbbbbe78513606502269b917a52dfe0991621ad5ba401c,data/raw/Training/notumor/Tr-no_40.jpg,data/raw/Training/notumor/Tr-no_581.jpg,notumor
5f51fecec97f1264f4cb6a9f7d0d847f17e49033ec034b11d2cc5c8b79ba6519,data/raw/Training/notumor/Tr-no_421.jpg,data/raw/Training/notumor/Tr-no_582.jpg,notumor
da9ef6cef60bdcf63e1cb2c07ebe5bfb5a1c08c74dadf280915d55d7c3e36d9a,data/raw/Training/notumor/Tr-no_423.jpg,data/raw/Training/notumor/Tr-no_63.jpg,notumor
4984bb79a4b6f8bbe65f017c74fd7c1dce3f24d94cc9d33f92e22b441a0866ca,data/raw/Training/notumor/Tr-no_43.jpg,data/raw/Training/notumor/Tr-no_963.jpg,notumor
fb32f456cca40bf1867369a4abcae84ff15d634bc56637a568d09449114f95ae,data/raw/Training/notumor/Tr-no_433.jpg,data/raw/Training/notumor/Tr-no_492.jpg,notumor
37d13e11e66c736b2174792a44b897777f212e935d5c74141ced8dc58d610672,data/raw/Training/notumor/Tr-no_435.jpg,data/raw/Training/notumor/Tr-no_755.jpg,notumor
ac76ca3b933520e9519c3fa096e38e281e467ae4bda0412daa34cb966954ff68,data/raw/Training/notumor/Tr-no_447.jpg,data/raw/Training/notumor/Tr-no_720.jpg,notumor
ac76ca3b933520e9519c3fa096e38e281e467ae4bda0412daa34cb966954ff68,data/raw/Training/notumor/Tr-no_447.jpg,data/raw/Training/notumor/Tr-no_839.jpg,notumor
b19b70050792743117c0ca8237e721b433a3d76b7cd1ae7e2bfaa50f73985957,data/raw/Training/notumor/Tr-no_455.jpg,data/raw/Training/notumor/Tr-no_866.jpg,notumor
2bcf7f2051a470cc90e74522c8141783f4e6e3b36b033e622bb446070804fbce,data/raw/Training/notumor/Tr-no_473.jpg,data/raw/Training/notumor/Tr-no_778.jpg,notumor
d62ef020a79e42be55f4a6977457753c11364c69c1a842aab749f45b910a348f,data/raw/Training/notumor/Tr-no_486.jpg,data/raw/Training/notumor/Tr-no_920.jpg,notumor
29f5011764730ed401f04b4978195c0b9fcedb005c3408f89a7586259cb1b675,data/raw/Training/notumor/Tr-no_493.jpg,data/raw/Training/notumor/Tr-no_664.jpg,notumor
41efe60c9486d5c559d6ede0449c1da09b12bfbf8241ba4f28c60f82634cfe04,data/raw/Training/notumor/Tr-no_499.jpg,data/raw/Training/notumor/Tr-no_734.jpg,notumor
7adb02dafa127d16b635a76df10314f68ded12fa7a20457e4d666d2873a2130f,data/raw/Training/notumor/Tr-no_518.jpg,data/raw/Training/notumor/Tr-no_92.jpg,notumor
6296fc94ca1dba543a77ac0312ae4eda86053a44d81a9151e77e1e6b90bd91d3,data/raw/Training/notumor/Tr-no_524.jpg,data/raw/Training/notumor/Tr-no_617.jpg,notumor
79b6fe05b46ee2a734c4da64cd109bc508bfd1b76f46e9c496dbb406f86139f9,data/raw/Training/notumor/Tr-no_540.jpg,data/raw/Training/notumor/Tr-no_753.jpg,notumor
8df1125bc5a3901ae602be99db7d676e79744a93eb6ed69de91b86cdb087a7a1,data/raw/Training/notumor/Tr-no_56.jpg,data/raw/Training/notumor/Tr-no_73.jpg,notumor
2e9979eb629886f51f2e4b143f7526fe57537077b3bcb1bfd7d4ecad00b30547,data/raw/Training/notumor/Tr-no_577.jpg,data/raw/Training/notumor/Tr-no_764.jpg,notumor
3fcd47df13022dff9310847e66344a301655fc62a565598336433f9c098e5074,data/raw/Training/notumor/Tr-no_58.jpg,data/raw/Training/notumor/Tr-no_906.jpg,notumor
a820973ab9e444f92fdc4e5eb2e584a72d5da660675f1793469f229f40199538,data/raw/Training/notumor/Tr-no_588.jpg,data/raw/Training/notumor/Tr-no_989.jpg,notumor
23a839738271bed355a592894783aaec5b225a7ea883e26b116b63a6edb819a1,data/raw/Training/notumor/Tr-no_649.jpg,data/raw/Training/notumor/Tr-no_817.jpg,notumor
8d1b8cb2975b43db869caaecbffd11f51651b6c25d35928f84cc295215cfb822,data/raw/Training/notumor/Tr-no_673.jpg,data/raw/Training/notumor/Tr-no_995.jpg,notumor
f932387c00c74ebaede60e0b5e0d79dbff6b944e066d510f4c95834f05050e3e,data/raw/Training/notumor/Tr-no_721.jpg,data/raw/Training/notumor/Tr-no_81.jpg,notumor
413708f4f5a9e003997c5c966035431a1bd741b16cde99a42ca6155cccf8f17d,data/raw/Training/notumor/Tr-no_750.jpg,data/raw/Training/notumor/Tr-no_843.jpg,notumor
7f04f0b6fd5821e19cf5a273a540df06a1f6bdcaa63bb235743e274fff825fbd,data/raw/Training/notumor/Tr-no_766.jpg,data/raw/Training/notumor/Tr-no_967.jpg,notumor
303c5c415fc8be331907a13c78d499fa000f24788fab65f7c9171c448978b09f,data/raw/Training/notumor/Tr-no_880.jpg,data/raw/Training/notumor/Tr-no_918.jpg,notumor
ca0417b4c4dc6ac92ebdeeb71231b1a60a16299d04b7735c1bf725aa0649d8c2,data/raw/Training/notumor/Tr-no_933.jpg,data/raw/Training/notumor/Tr-no_969.jpg,notumor
b204aa522460d1a772549e65023ac4f67b3ad1f57a1be54c59ece19fcd2d0081,data/raw/Training/pituitary/Tr-pi_1071.jpg,data/raw/Training/pituitary/Tr-pi_1207.jpg,pituitary
b204aa522460d1a772549e65023ac4f67b3ad1f57a1be54c59ece19fcd2d0081,data/raw/Training/pituitary/Tr-pi_1071.jpg,data/raw/Training/pituitary/Tr-pi_991.jpg,pituitary
93ea61a9b554ed27c76d767221bba1d6c8b24a03521aee53f4b822b89efa41b2,data/raw/Training/pituitary/Tr-pi_1098.jpg,data/raw/Training/pituitary/Tr-pi_1155.jpg,pituitary
ac081dc77c62c1902feb757aa652c2af19c67d31ec646fd3f2a50249729f570c,data/raw/Training/pituitary/Tr-pi_1122.jpg,data/raw/Training/pituitary/Tr-pi_1196.jpg,pituitary
ac081dc77c62c1902feb757aa652c2af19c67d31ec646fd3f2a50249729f570c,data/raw/Training/pituitary/Tr-pi_1122.jpg,data/raw/Training/pituitary/Tr-pi_943.jpg,pituitary
de35915b30be9cb513305bb03b1fcf263dadf7259aa666e02f09215118f7f65a,data/raw/Training/pituitary/Tr-pi_1154.jpg,data/raw/Training/pituitary/Tr-pi_1211.jpg,pituitary
de35915b30be9cb513305bb03b1fcf263dadf7259aa666e02f09215118f7f65a,data/raw/Training/pituitary/Tr-pi_1154.jpg,data/raw/Training/pituitary/Tr-pi_1339.jpg,pituitary
de35915b30be9cb513305bb03b1fcf263dadf7259aa666e02f09215118f7f65a,data/raw/Training/pituitary/Tr-pi_1154.jpg,data/raw/Training/pituitary/Tr-pi_160.jpg,pituitary
f764c8846c7fe11dce4e99b2bfa153347eb2976ae53857392f31f82b127b2270,data/raw/Training/pituitary/Tr-pi_1181.jpg,data/raw/Training/pituitary/Tr-pi_668.jpg,pituitary
aff49c4e9fbe859bc0608338e96e8e4eab4743e7100c05f81b48e68a799d38d4,data/raw/Training/pituitary/Tr-pi_1187.jpg,data/raw/Training/pituitary/Tr-pi_384.jpg,pituitary
aff49c4e9fbe859bc0608338e96e8e4eab4743e7100c05f81b48e68a799d38d4,data/raw/Training/pituitary/Tr-pi_1187.jpg,data/raw/Training/pituitary/Tr-pi_863.jpg,pituitary
ac76926d9f73fd42c57092e3f991abe3036320552092ebf8d69d60d736a93622,data/raw/Training/pituitary/Tr-pi_120.jpg,data/raw/Training/pituitary/Tr-pi_763.jpg,pituitary
53446ebefbb558643e11fe7ecf3059737e2814172797c680e50463dd03656fdf,data/raw/Training/pituitary/Tr-pi_1209.jpg,data/raw/Training/pituitary/Tr-pi_1352.jpg,pituitary
dc8ef910fb6a27abfe1862e83beeacb91864e160cd6919e5f0b2ebc039b865c4,data/raw/Training/pituitary/Tr-pi_1252.jpg,data/raw/Training/pituitary/Tr-pi_461.jpg,pituitary
dc8ef910fb6a27abfe1862e83beeacb91864e160cd6919e5f0b2ebc039b865c4,data/raw/Training/pituitary/Tr-pi_1252.jpg,data/raw/Training/pituitary/Tr-pi_528.jpg,pituitary
1bbe995f377f1eb224e2a963238bbfacf7bf49a3d7219bbc3dd781b5c34e4fb8,data/raw/Training/pituitary/Tr-pi_1309.jpg,data/raw/Training/pituitary/Tr-pi_261.jpg,pituitary
a1ee82164acd190067400d50f236fbb6004c0002fe3c09e4cf2d71752865140b,data/raw/Training/pituitary/Tr-pi_132.jpg,data/raw/Training/pituitary/Tr-pi_564.jpg,pituitary
dea65808e631f46024aaa034984629ab8a455f2b951ca7022f12fa9e62b7c8ff,data/raw/Training/pituitary/Tr-pi_1323.jpg,data/raw/Training/pituitary/Tr-pi_984.jpg,pituitary
2ff387b9c84bad104f2f095f9832781f634931e584e02a1afab513037079eea5,data/raw/Training/pituitary/Tr-pi_1399.jpg,data/raw/Training/pituitary/Tr-pi_195.jpg,pituitary
690ed9d73b96706b833cfbb95e40543fe022c7579ab74693873e2c26766c5efb,data/raw/Training/pituitary/Tr-pi_163.jpg,data/raw/Training/pituitary/Tr-pi_504.jpg,pituitary
f2152513bd2804ec1ef7e8b188ab72a991417708a0b98e3dac3131578d1aa794,data/raw/Training/pituitary/Tr-pi_17.jpg,data/raw/Training/pituitary/Tr-pi_306.jpg,pituitary
c27c953b150b8cfa6c2820bac42a13a5d1b5b6420409973ba07a18542429afd5,data/raw/Training/pituitary/Tr-pi_193.jpg,data/raw/Training/pituitary/Tr-pi_812.jpg,pituitary
7d0738e4f6493b449e20a147b80f674c589dc478dd6b5ccd4fb6ea1c329f0cfe,data/raw/Training/pituitary/Tr-pi_221.jpg,data/raw/Training/pituitary/Tr-pi_430.jpg,pituitary
7d0738e4f6493b449e20a147b80f674c589dc478dd6b5ccd4fb6ea1c329f0cfe,data/raw/Training/pituitary/Tr-pi_221.jpg,data/raw/Training/pituitary/Tr-pi_883.jpg,pituitary
14a873e8998c4a88896fd7be1155eeaf656b88209c8e9fcf7db731de3478484c,data/raw/Training/pituitary/Tr-pi_246.jpg,data/raw/Training/pituitary/Tr-pi_698.jpg,pituitary
14a873e8998c4a88896fd7be1155eeaf656b88209c8e9fcf7db731de3478484c,data/raw/Training/pituitary/Tr-pi_246.jpg,data/raw/Training/pituitary/Tr-pi_969.jpg,pituitary
8e2b4a6d3ce98d740a636942e40c14783eac078cf1758678c9d5aee948057aa7,data/raw/Training/pituitary/Tr-pi_285.jpg,data/raw/Training/pituitary/Tr-pi_962.jpg,pituitary
e99074ab025d65cc916b786675d37496c0f045c8267c222bfbc29c04dab42ffd,data/raw/Training/pituitary/Tr-pi_286.jpg,data/raw/Training/pituitary/Tr-pi_397.jpg,pituitary
8afa71fed3d0307237b24872056b750f3c06ee0d9527c35241b908eb7404080f,data/raw/Training/pituitary/Tr-pi_311.jpg,data/raw/Training/pituitary/Tr-pi_320.jpg,pituitary
8d463bf588c1bc9e685df1729434a541f187054456fe244024966078fe1aef61,data/raw/Training/pituitary/Tr-pi_356.jpg,data/raw/Training/pituitary/Tr-pi_759.jpg,pituitary
8d463bf588c1bc9e685df1729434a541f187054456fe244024966078fe1aef61,data/raw/Training/pituitary/Tr-pi_356.jpg,data/raw/Training/pituitary/Tr-pi_77.jpg,pituitary
59b7545faed7fe8962c1853d6dd379ab5e5ddfe6970a42a0017a4114fb1a95ad,data/raw/Training/pituitary/Tr-pi_396.jpg,data/raw/Training/pituitary/Tr-pi_476.jpg,pituitary
6e4a32b7a73554a9a26b0e594f63d76920f7caeea52be19c323f8ad755d17f8b,data/raw/Training/pituitary/Tr-pi_405.jpg,data/raw/Training/pituitary/Tr-pi_634.jpg,pituitary
6e4a32b7a73554a9a26b0e594f63d76920f7caeea52be19c323f8ad755d17f8b,data/raw/Training/pituitary/Tr-pi_405.jpg,data/raw/Training/pituitary/Tr-pi_928.jpg,pituitary
6c374ab41105e5927d08e15103c8c27416f8e7d03c15c03d104ace5b310bd0ed,data/raw/Training/pituitary/Tr-pi_410.jpg,data/raw/Training/pituitary/Tr-pi_515.jpg,pituitary
8a4a14e666a67b90bf01bac1b85170bacf41fda33c7a7394d5e82e83c6f6f324,data/raw/Training/pituitary/Tr-pi_464.jpg,data/raw/Training/pituitary/Tr-pi_75.jpg,pituitary
4f6314d65c3d703caa7b94440365f4c89fa68a7069a0a10054e6604956f60f28,data/raw/Training/pituitary/Tr-pi_542.jpg,data/raw/Training/pituitary/Tr-pi_857.jpg,pituitary
6c8c2a11f01b532a75a01f052e3f536e10bcdca633e77ef3001d8ed852e83ee7,data/raw/Training/pituitary/Tr-pi_805.jpg,data/raw/Training/pituitary/Tr-pi_878.jpg,pituitary
